{
    "57": 0,
    "72": 1,
    "81": 2,
    "55": 3,
    "58": 4,
    "54": 5,
    "69": 6,
    "51": 7,
    "67": 8,
    "/": 9,
    "70": 10,
    "53": 11,
    "63": 12,
    "_": 13,
    "59": 14,
    "r": 15,
    "45": 16,
    "80": 17,
    "68": 18,
    "64": 19,
    "61": 20,
    "78": 21,
    "71": 22,
    "73": 23,
    "60": 24,
    "62": 25,
    "79": 26,
    "76": 27,
    "65": 28,
    "56": 29,
    "50": 30,
    "52": 31,
    "75": 32,
    "48": 33,
    "77": 34,
    "66": 35,
    "74": 36,
    "47": 37
}